Date,Time,Name,Symbol,ID,Rank,Price,24h Change,Market Cap:,Total Volume:
4/15/2024, 16:36:42 UTC,Memecoin,MEME,memecoin-2,183,0.02691627,-0.0087,419555862,71878156
4/15/2024, 16:36:42 UTC,NodeAI,GPU,nodeai,340,1.635562071,0.1236,160168285,3310474
4/15/2024, 16:36:41 UTC,GALA,GALA,gala,63,0.04226198,-0.0131,1603500665,260207155
4/15/2024, 16:36:41 UTC,Baby Doge Coin,BABYDOGE,baby-doge-coin,260,0.000000002,0.0244,235842363,3930411
4/15/2024, 16:36:41 UTC,Brett,BRETT,based-brett,145,0.067847882,0.0561,574021588,11097822
4/15/2024, 15:06:42 UTC,Orbs,ORBS,orbs,324,0.041264275,0.0354,177142023,15615984
4/15/2024, 15:06:42 UTC,Niza Global,NIZA,niza-global,697,0.008445712,0.1163,48925052,24867903
4/15/2024, 15:06:42 UTC,Brett,BRETT,based-brett,146,0.067116644,0.0495,577919888,11118210
4/15/2024, 15:06:41 UTC,NodeAI,GPU,nodeai,323,1.826910003,0.1899,177956550,3252106
4/15/2024, 15:06:41 UTC,GALA,GALA,gala,63,0.043131906,0.0354,1641764539,254444442
4/15/2024, 14:14:29 UTC,Niza Global,NIZA,niza-global,649,0.010127037,0.3419,57965379,"25,272,388"
4/15/2024, 14:14:29 UTC,NodeAI,GPU,nodeai,321,1.878391043,0.2809,182226994,"3,356,645"
4/15/2024, 14:14:28 UTC,Brett,BRETT,based-brett,145,0.069372756,0.0761,589102940,"11,153,617"
4/15/2024, 14:14:28 UTC,Non-Playable Coin,NPC,non-playable-coin,867,0.004228484,0.1425,33956821,"356,538"
4/15/2024, 14:14:27 UTC,GALA,GALA,gala,63,0.044578868,0.0888,1680326002,"63,610,637"
4/15/2024, 14:07:49 UTC,Niza Global,NIZA,niza-global,647,0.010272156,0.3154,58373717,"25,337,242"
4/15/2024, 14:07:48 UTC,NodeAI,GPU,nodeai,321,1.870769215,0.2839,182591964,"3,354,694"
4/15/2024, 14:07:48 UTC,Brett,BRETT,based-brett,146,0.069478796,0.0752,592272287,"11,057,348"
4/15/2024, 14:07:47 UTC,Non-Playable Coin,NPC,non-playable-coin,865,0.00422849,0.1482,34293885,"358,871"
4/15/2024, 14:07:47 UTC,GALA,GALA,gala,61,0.044436554,0.076,1709743014,"64,133,130"
4/15/2024, 14:00:56 UTC,Brett,BRETT,based-brett,145,0.069637236,0.0673,592272287,"11,148,858"
4/15/2024, 14:00:55 UTC,Non-Playable Coin,NPC,non-playable-coin,866,0.004261521,0.1148,34097688,"364,685"
4/15/2024, 14:00:54 UTC,NodeAI,GPU,nodeai,337,1.713966018,0.1765,168715930,"3,087,586"
4/15/2024, 14:00:54 UTC,Niza Global,NIZA,niza-global,650,0.010363988,0.3493,58166701,"25,250,865"
4/15/2024, 14:00:53 UTC,GALA,GALA,gala,61,0.045052813,0.0859,1698370927,"56,328,382"
4/15/2024, 13:56:54 UTC,Brett,BRETT,based-brett,145,0.069637236,0.0673,592272287,"11,148,858"
4/15/2024, 13:56:54 UTC,Non-Playable Coin,NPC,non-playable-coin,866,0.004261521,0.1148,34097688,"364,685"
4/15/2024, 13:56:53 UTC,NodeAI,GPU,nodeai,337,1.713966018,0.1765,168715930,"3,087,586"
4/15/2024, 13:56:53 UTC,Niza Global,NIZA,niza-global,650,0.010363988,0.3493,58166701,"25,250,865"
4/15/2024, 13:56:52 UTC,GALA,GALA,gala,61,0.045052813,0.0859,1698370927,"56,328,382"
4/15/2024, 13:55:29 UTC,Brett,BRETT,based-brett,145,0.069637236,0.0673,592272287,"11,148,858"
4/15/2024, 13:55:29 UTC,Non-Playable Coin,NPC,non-playable-coin,866,0.004261521,0.1148,34097688,"364,685"
4/15/2024, 13:55:28 UTC,NodeAI,GPU,nodeai,337,1.713966018,0.1765,168715930,"3,087,586"
4/15/2024, 13:55:27 UTC,Niza Global,NIZA,niza-global,650,0.010363988,0.3493,58166701,"25,250,865"
4/15/2024, 13:55:27 UTC,GALA,GALA,gala,61,0.045052813,0.0859,1698370927,"256,328,382"
4/15/2024, 13:36:42 UTC,Brett,BRETT,based-brett,145,0.069715993,0.0706,597401669,11163166
4/15/2024, 13:36:42 UTC,Orbs,ORBS,orbs,324,0.042143947,0.027,181811239,16221279
4/15/2024, 13:36:42 UTC,NodeAI,GPU,nodeai,336,1.739293235,0.2394,169275983,3318137
4/15/2024, 13:36:41 UTC,Niza Global,NIZA,niza-global,650,0.010249979,0.3017,57920996,25131529
4/15/2024, 13:36:41 UTC,GALA,GALA,gala,61,0.045223333,0.0723,1722503825,258219486
4/15/2024, 12:06:42 UTC,Orbs,ORBS,orbs,324,0.04214873,0.0406,180564698,17214416
4/15/2024, 12:06:42 UTC,NodeAI,GPU,nodeai,318,1.859997088,0.2904,186388418,3482827
4/15/2024, 12:06:42 UTC,Brett,BRETT,based-brett,145,0.069897594,0.0539,602580948,11232079
4/15/2024, 12:06:41 UTC,Niza Global,NIZA,niza-global,658,0.010008117,0.2798,56588379,575447
4/15/2024, 12:06:41 UTC,GALA,GALA,gala,61,0.045008044,0.0781,1715647724,264118532
4/15/2024, 10:36:42 UTC,Orbs,ORBS,orbs,322,0.043271276,0.0481,184399187,17245088
4/15/2024, 10:36:42 UTC,Non-Playable Coin,NPC,non-playable-coin,871,0.004201439,0.156,33593345,382117
4/15/2024, 10:36:42 UTC,NodeAI,GPU,nodeai,331,1.811620784,0.24,177201275,3168477
4/15/2024, 10:36:41 UTC,Niza Global,NIZA,niza-global,663,0.009849816,0.2646,55926741,24412194
4/15/2024, 10:36:41 UTC,GALA,GALA,gala,60,0.045514816,0.0642,1719263653,271047320
4/15/2024, 09:06:42 UTC,cat in a dogs world,MEW,cat-in-a-dogs-world,172,0.005139502,0.7695,474851542,174346613
4/15/2024, 09:06:42 UTC,Ondo,ONDO,ondo-finance,75,0.970094553,0.1937,1403534143,636865015
4/15/2024, 09:06:41 UTC,Niza Global,NIZA,niza-global,669,0.009693618,0.2419,54645442,23760821
4/15/2024, 09:06:41 UTC,Non-Playable Coin,NPC,non-playable-coin,868,0.004145364,0.1266,33376024,347028
4/15/2024, 09:06:41 UTC,GALA,GALA,gala,61,0.045149003,0.0425,1719495222,276028069
4/15/2024, 07:36:42 UTC,Orbs,ORBS,orbs,327,0.041063401,-0.0382,176415074,14453326
4/15/2024, 07:36:41 UTC,NodeAI,GPU,nodeai,352,1.699630716,0.0987,162059936,3118032
4/15/2024, 07:36:41 UTC,Ondo,ONDO,ondo-finance,72,1.011541709,0.2585,1460082792,657658276
4/15/2024, 07:36:41 UTC,Non-Playable Coin,NPC,non-playable-coin,871,0.004108274,0.1144,33072123,357377
4/15/2024, 07:36:41 UTC,GALA,GALA,gala,60,0.046105163,0.0715,1750675080,274541893
4/15/2024, 06:06:42 UTC,NodeAI,GPU,nodeai,362,1.502559512,-0.0582,145285330,3185047
4/15/2024, 06:06:41 UTC,Ondo,ONDO,ondo-finance,72,0.981193754,0.2836,1413074132,639362563
4/15/2024, 06:06:41 UTC,Niza Global,NIZA,niza-global,673,0.009231167,0.0838,52228238,24420555
4/15/2024, 06:06:41 UTC,Non-Playable Coin,NPC,non-playable-coin,867,0.0041868,0.163,32418510,369151
4/15/2024, 06:06:41 UTC,GALA,GALA,gala,61,0.043849145,0.0294,1659122008,264793847
4/15/2024, 04:36:42 UTC,Ondo,ONDO,ondo-finance,79,0.887262589,0.1861,1280653704,618555134
4/15/2024, 04:36:41 UTC,Orbs,ORBS,orbs,326,0.039341915,-0.061,169347441,14776517
4/15/2024, 04:36:41 UTC,NodeAI,GPU,nodeai,357,1.49628461,0.0332,147143432,3256502
4/15/2024, 04:36:41 UTC,Non-Playable Coin,NPC,non-playable-coin,880,0.003934351,0.139,31652881,279882
4/15/2024, 04:36:41 UTC,GALA,GALA,gala,61,0.042557651,0.0351,1615314258,272219524
4/15/2024, 03:06:42 UTC,Wormhole,W,wormhole,83,0.655648213,0.2119,1180307640,320447894
4/15/2024, 03:06:42 UTC,Orbs,ORBS,orbs,323,0.039643037,-0.0239,170740960,15257739
4/15/2024, 03:06:42 UTC,Non-Playable Coin,NPC,non-playable-coin,880,0.003945935,0.1559,31714178,291237
4/15/2024, 03:06:41 UTC,NodeAI,GPU,nodeai,357,1.520677663,0.033,147621547,3191591
4/15/2024, 03:06:41 UTC,GALA,GALA,gala,61,0.042911852,0.0607,1631713519,278382883
4/15/2024, 01:36:42 UTC,Wormhole,W,wormhole,83,0.669951748,0.2389,1199805244,320307398
4/15/2024, 01:36:42 UTC,Orbs,ORBS,orbs,322,0.040236082,-0.0324,172109334,15924308
4/15/2024, 01:36:42 UTC,Non-Playable Coin,NPC,non-playable-coin,887,0.003913301,0.1509,31139670,288124
4/15/2024, 01:36:41 UTC,NodeAI,GPU,nodeai,358,1.532413879,0.1736,146884870,3324271
4/15/2024, 01:36:41 UTC,GALA,GALA,gala,62,0.043148842,0.0952,1637617673,280377505
4/15/2024, 00:06:42 UTC,Ondo,ONDO,ondo-finance,78,0.894933695,0.1558,1298964985,697493052
4/15/2024, 00:06:42 UTC,Orbs,ORBS,orbs,319,0.041344105,-0.0737,178526731,18051577
4/15/2024, 00:06:41 UTC,NodeAI,GPU,nodeai,370,1.46962606,0.1089,141269111,3445230
4/15/2024, 00:06:41 UTC,Non-Playable Coin,NPC,non-playable-coin,900,0.003839794,0.1186,30918922,269503
4/15/2024, 00:06:41 UTC,GALA,GALA,gala,62,0.043790637,0.0754,1678154516,297419122
4/14/2024, 22:36:42 UTC,Wormhole,W,wormhole,81,0.690627801,0.3226,1217841033,320209322
4/14/2024, 22:36:41 UTC,Ondo,ONDO,ondo-finance,80,0.89635384,0.1702,1246357198,706160141
4/14/2024, 22:36:41 UTC,NodeAI,GPU,nodeai,392,1.354342607,0.1135,128729444,4155951
4/14/2024, 22:36:41 UTC,Non-Playable Coin,NPC,non-playable-coin,893,0.003863762,0.2101,30792870,328610
4/14/2024, 22:36:41 UTC,GALA,GALA,gala,62,0.043777833,0.155,1638516639,329091070
4/14/2024, 21:06:43 UTC,Ondo,ONDO,ondo-finance,82,0.811279646,0.1342,1168290415,762123131
4/14/2024, 21:06:42 UTC,Orbs,ORBS,orbs,320,0.039705852,0.0107,171150626,20699106
4/14/2024, 21:06:42 UTC,Non-Playable Coin,NPC,non-playable-coin,893,0.003768126,0.1128,30342679,452924
4/14/2024, 21:06:42 UTC,NodeAI,GPU,nodeai,380,1.371681561,0.6974,130906680,5552732
4/14/2024, 21:06:41 UTC,GALA,GALA,gala,62,0.04105015,0.1211,1558462051,348755955
4/14/2024, 19:36:42 UTC,Ondo,ONDO,ondo-finance,81,0.817745546,0.1126,1183930955,843269425
4/14/2024, 19:36:42 UTC,Orbs,ORBS,orbs,319,0.040296349,-0.0133,173639111,24526656
4/14/2024, 19:36:42 UTC,Non-Playable Coin,NPC,non-playable-coin,896,0.003749092,-0.1013,30184777,594608
4/14/2024, 19:36:41 UTC,NodeAI,GPU,nodeai,385,1.335600648,-0.2562,130144722,8818338
4/14/2024, 19:36:41 UTC,GALA,GALA,gala,62,0.041929175,-0.0423,1597855933,430146887
4/14/2024, 18:06:42 UTC,Ondo,ONDO,ondo-finance,81,0.810604356,0.0844,1163402317,876397714
4/14/2024, 18:06:42 UTC,Orbs,ORBS,orbs,317,0.039772216,-0.1238,173041667,26013919
4/14/2024, 18:06:41 UTC,Non-Playable Coin,NPC,non-playable-coin,881,0.003800997,-0.0882,30756227,590510
4/14/2024, 18:06:41 UTC,NodeAI,GPU,nodeai,377,1.310501505,-0.332,134399435,9169204
4/14/2024, 18:06:41 UTC,GALA,GALA,gala,62,0.041495778,-0.0441,1579322974,436573855
4/14/2024, 16:36:42 UTC,Orbs,ORBS,orbs,326,0.039749501,-0.1605,170301817,26365796
4/14/2024, 16:36:42 UTC,Tenset,10SET,tenset,309,1.108737952,-0.1892,184932516,1107392
4/14/2024, 16:36:41 UTC,Non-Playable Coin,NPC,non-playable-coin,887,0.003820663,-0.1252,30667984,626153
4/14/2024, 16:36:41 UTC,NodeAI,GPU,nodeai,364,1.456783276,-0.2503,139931363,9058002
4/14/2024, 16:36:41 UTC,GALA,GALA,gala,62,0.042663976,-0.1001,1599428412,456861841
4/14/2024, 15:06:42 UTC,Celestia,TIA,celestia,55,10.36597448,0.0708,1838852617,655128795
4/14/2024, 15:06:42 UTC,Orbs,ORBS,orbs,320,0.039794512,-0.1833,171216714,26858107
4/14/2024, 15:06:41 UTC,Non-Playable Coin,NPC,non-playable-coin,899,0.003716039,-0.1568,29916907,605444
4/14/2024, 15:06:41 UTC,Tenset,10SET,tenset,300,1.11764552,-0.1833,188899696,1488552
4/14/2024, 15:06:41 UTC,GALA,GALA,gala,61,0.041629218,-0.1382,1580972655,445379799
4/14/2024, 13:36:42 UTC,Ondo,ONDO,ondo-finance,80,0.812495638,-0.01,1174423222,860512585
4/14/2024, 13:36:42 UTC,Orbs,ORBS,orbs,317,0.041121661,-0.176,176649238,27794557
4/14/2024, 13:36:41 UTC,Tenset,10SET,tenset,297,1.161265116,-0.13,194801745,1882032
4/14/2024, 13:36:41 UTC,Non-Playable Coin,NPC,non-playable-coin,907,0.003675497,-0.1646,29589403,521279
4/14/2024, 13:36:41 UTC,GALA,GALA,gala,60,0.042131476,-0.1438,1597665548,436758371
4/14/2024, 12:06:42 UTC,Ondo,ONDO,ondo-finance,80,0.813403797,-0.0131,1157774961,849836124
4/14/2024, 12:06:42 UTC,Orbs,ORBS,orbs,318,0.040500973,-0.1525,173097366,28053621
4/14/2024, 12:06:41 UTC,Tenset,10SET,tenset,294,1.169915348,-0.1328,195712289,1870311
4/14/2024, 12:06:41 UTC,Non-Playable Coin,NPC,non-playable-coin,912,0.003645263,-0.1781,29322025,555486
4/14/2024, 12:06:41 UTC,GALA,GALA,gala,61,0.041596033,-0.148,1569769890,437087902
4/14/2024, 10:36:42 UTC,Ondo,ONDO,ondo-finance,80,0.818164203,0.0119,1179369736,854424204
4/14/2024, 10:36:42 UTC,Orbs,ORBS,orbs,313,0.041316885,-0.1912,179918571,30477209
4/14/2024, 10:36:41 UTC,Non-Playable Coin,NPC,non-playable-coin,912,0.003652234,-0.1605,29407486,563534
4/14/2024, 10:36:41 UTC,Tenset,10SET,tenset,293,1.189112124,-0.1246,199853156,1865854
4/14/2024, 10:36:41 UTC,GALA,GALA,gala,60,0.04271962,-0.1164,1621852730,425419922
4/14/2024, 09:06:42 UTC,Orbs,ORBS,orbs,310,0.042910937,-0.1095,183886805,33336776
4/14/2024, 09:06:42 UTC,Celestia,TIA,celestia,54,11.31513801,0.177,2013214897,606201651
4/14/2024, 09:06:41 UTC,Non-Playable Coin,NPC,non-playable-coin,911,0.003679565,-0.1529,29556990,572442
4/14/2024, 09:06:41 UTC,Tenset,10SET,tenset,294,1.203989244,-0.112,200700555,1860467
4/14/2024, 09:06:41 UTC,GALA,GALA,gala,60,0.043263872,-0.0957,1642235448,419910108
4/14/2024, 07:36:42 UTC,Ondo,ONDO,ondo-finance,81,0.801948414,0.0642,1157227129,838247376
4/14/2024, 07:36:42 UTC,Orbs,ORBS,orbs,308,0.042695124,-0.1312,183986439,35066627
4/14/2024, 07:36:41 UTC,Celestia,TIA,celestia,54,11.16210165,0.1986,1989945339,575516360
4/14/2024, 07:36:41 UTC,Non-Playable Coin,NPC,non-playable-coin,911,0.003687412,-0.144,29734048,613363
4/14/2024, 07:36:41 UTC,GALA,GALA,gala,61,0.043031904,-0.1084,1637119514,411923360
4/14/2024, 06:06:42 UTC,Ondo,ONDO,ondo-finance,81,0.757750628,0.0228,1100183352,803889278
4/14/2024, 06:06:42 UTC,Celestia,TIA,celestia,54,10.88501891,0.1832,1948189496,536396677
4/14/2024, 06:06:42 UTC,Orbs,ORBS,orbs,309,0.042073306,-0.1219,180787390,36138805
4/14/2024, 06:06:42 UTC,Non-Playable Coin,NPC,non-playable-coin,913,0.003588088,-0.1661,28770503,583362
4/14/2024, 06:06:41 UTC,GALA,GALA,gala,61,0.04265458,-0.1085,1620057117,406992917
4/14/2024, 04:36:42 UTC,Celestia,TIA,celestia,55,10.1214072,0.1223,1788547097,499124027
4/14/2024, 04:36:41 UTC,Ondo,ONDO,ondo-finance,82,0.747028922,0.0396,1073152521,796047992
4/14/2024, 04:36:41 UTC,Non-Playable Coin,NPC,non-playable-coin,923,0.003454291,-0.1924,27786092,582032
4/14/2024, 04:36:41 UTC,Orbs,ORBS,orbs,305,0.041954045,-0.1304,179620399,37092970
4/14/2024, 04:36:41 UTC,GALA,GALA,gala,61,0.041052808,-0.1273,1543980227,408168735
4/14/2024, 03:06:42 UTC,Solana,SOL,solana,5,134.9436579,-0.0971,60257874848,10234673487
4/14/2024, 03:06:41 UTC,Ondo,ONDO,ondo-finance,82,0.741141306,0.0754,1075687727,775179922
4/14/2024, 03:06:41 UTC,Non-Playable Coin,NPC,non-playable-coin,929,0.003413853,-0.1809,27436881,585832
4/14/2024, 03:06:41 UTC,Orbs,ORBS,orbs,307,0.040712763,-0.179,175181385,38866025
4/14/2024, 03:06:41 UTC,GALA,GALA,gala,61,0.040492674,-0.1274,1526282141,394655839
4/14/2024, 01:36:42 UTC,Ondo,ONDO,ondo-finance,82,0.758668075,0.1554,1078854933,765571224
4/14/2024, 01:36:42 UTC,Celestia,TIA,celestia,55,9.953705784,0.1523,1760439005,441637068
4/14/2024, 01:36:42 UTC,Non-Playable Coin,NPC,non-playable-coin,933,0.003402713,-0.1783,27306469,591149
4/14/2024, 01:36:42 UTC,Orbs,ORBS,orbs,304,0.041407018,-0.1616,178757774,41488182
4/14/2024, 01:36:41 UTC,GALA,GALA,gala,62,0.039612041,-0.1447,1500778281,396153046
4/14/2024, 00:06:42 UTC,Ondo,ONDO,ondo-finance,81,0.790584921,0.1235,1146480217,731802137
4/14/2024, 00:06:41 UTC,Tenset,10SET,tenset,276,1.205730687,-0.1069,204717542,1805901
4/14/2024, 00:06:41 UTC,Non-Playable Coin,NPC,non-playable-coin,938,0.00339753,-0.1782,27421071,587825
4/14/2024, 00:06:41 UTC,Orbs,ORBS,orbs,294,0.044936651,0.005,194101579,47004003
4/14/2024, 00:06:41 UTC,GALA,GALA,gala,61,0.040795435,-0.1437,1559581371,378290826
4/13/2024, 22:36:42 UTC,Solana,SOL,solana,5,133.5799338,-0.1209,59512233792,9242070845
4/13/2024, 22:36:42 UTC,Ondo,ONDO,ondo-finance,82,0.765375673,0.0849,1076198806,660482258
4/13/2024, 22:36:41 UTC,Non-Playable Coin,NPC,non-playable-coin,944,0.003183332,-0.2263,25555580,522955
4/13/2024, 22:36:41 UTC,Orbs,ORBS,orbs,263,0.047060818,0.0554,210174084,52101609
4/13/2024, 22:36:41 UTC,GALA,GALA,gala,62,0.037836993,-0.2016,1424679950,352482949
4/13/2024, 21:06:42 UTC,Tenset,10SET,tenset,270,1.209701719,-0.112,202792811,2070724
4/13/2024, 21:06:42 UTC,Ondo,ONDO,ondo-finance,83,0.718620883,0.0238,1039776402,589320032
4/13/2024, 21:06:41 UTC,Solana,SOL,solana,5,125.4102514,-0.1749,55829855126,7657335076
4/13/2024, 21:06:41 UTC,Non-Playable Coin,NPC,non-playable-coin,903,0.003519661,-0.1571,28333720,466526
4/13/2024, 21:06:41 UTC,GALA,GALA,gala,63,0.036896641,-0.2201,1402459719,317662113
4/13/2024, 19:36:42 UTC,PUPS (Ordinals),PUPS,pups-ordinals,131,84.00589196,0.3483,652466500,46370042
4/13/2024, 19:36:42 UTC,Ondo,ONDO,ondo-finance,86,0.734975068,0.0519,1065089297,513107758
4/13/2024, 19:36:42 UTC,Non-Playable Coin,NPC,non-playable-coin,859,0.004171701,0.0803,33660759,472762
4/13/2024, 19:36:41 UTC,Tenset,10SET,tenset,277,1.299031157,-0.0424,217019267,2059074
4/13/2024, 19:36:41 UTC,GALA,GALA,gala,60,0.043798965,-0.0582,1663710933,267938256
4/13/2024, 18:06:42 UTC,PUPS (Ordinals),PUPS,pups-ordinals,136,81.31893486,0.3669,632319733,50778883
4/13/2024, 18:06:42 UTC,Tenset,10SET,tenset,266,1.384455305,-0.0137,231686521,1857889
4/13/2024, 18:06:41 UTC,Non-Playable Coin,NPC,non-playable-coin,860,0.004173759,0.0323,33728132,478993
4/13/2024, 18:06:41 UTC,Niza Global,NIZA,niza-global,647,0.009988475,-0.1699,56709524,25982618
4/13/2024, 18:06:41 UTC,GALA,GALA,gala,60,0.043930498,-0.1575,1662734388,340876049
4/13/2024, 16:36:42 UTC,PUPS (Ordinals),PUPS,pups-ordinals,127,90.80603172,0.3016,706074491,51856892
4/13/2024, 16:36:42 UTC,Non-Playable Coin,NPC,non-playable-coin,858,0.004364196,0.0358,35132328,467152
4/13/2024, 16:36:41 UTC,Tenset,10SET,tenset,278,1.366630653,-0.057,228646548,1932864
4/13/2024, 16:36:41 UTC,Niza Global,NIZA,niza-global,658,0.010143299,-0.1838,57389482,26149813
4/13/2024, 16:36:41 UTC,GALA,GALA,gala,57,0.047536078,-0.1424,1809714222,347081190
4/13/2024, 15:06:42 UTC,Ondo,ONDO,ondo-finance,90,0.787996442,0.0412,1141609769,536084552
4/13/2024, 15:06:42 UTC,Niza Global,NIZA,niza-global,682,0.009431703,-0.2066,53388972,25924471
4/13/2024, 15:06:41 UTC,Non-Playable Coin,NPC,non-playable-coin,855,0.004400407,0.0219,35418247,517112
4/13/2024, 15:06:41 UTC,Tenset,10SET,tenset,285,1.343991833,-0.0745,224937898,1814954
4/13/2024, 15:06:41 UTC,GALA,GALA,gala,57,0.04833747,-0.141,1832049131,343237167
4/13/2024, 13:36:42 UTC,Niza Global,NIZA,niza-global,685,0.009463605,-0.2424,53506621,25764376
4/13/2024, 13:36:42 UTC,1ex,1EX,1ex,835,0.230546662,-0.0022,37161701,1577964
4/13/2024, 13:36:41 UTC,Non-Playable Coin,NPC,non-playable-coin,857,0.004399836,-0.0098,35598187,537131
4/13/2024, 13:36:41 UTC,Tenset,10SET,tenset,289,1.341649322,-0.0805,223146791,1527689
4/13/2024, 13:36:41 UTC,GALA,GALA,gala,57,0.04926565,-0.1307,1868151338,345127964
4/13/2024, 12:06:42 UTC,Ondo,ONDO,ondo-finance,85,0.826232721,0.0515,1195379077,511719811
4/13/2024, 12:06:42 UTC,Non-Playable Coin,NPC,non-playable-coin,864,0.004359227,-0.0378,35137832,527591
4/13/2024, 12:06:41 UTC,Tenset,10SET,tenset,284,1.345608054,-0.0833,225200026,1838713
4/13/2024, 12:06:41 UTC,Niza Global,NIZA,niza-global,688,0.009096474,-0.2584,51774253,25096197
4/13/2024, 12:06:41 UTC,GALA,GALA,gala,57,0.04879302,-0.1656,1850834060,345226656
4/13/2024, 10:36:42 UTC,Tenset,10SET,tenset,280,1.358441049,-0.072,227315714,1805831
4/13/2024, 10:36:42 UTC,1ex,1EX,1ex,865,0.221855755,-0.0672,35023631,1679832
4/13/2024, 10:36:41 UTC,Non-Playable Coin,NPC,non-playable-coin,866,0.004345887,-0.0333,35000099,504771
4/13/2024, 10:36:41 UTC,Niza Global,NIZA,niza-global,698,0.008907225,-0.2578,50452269,24661116
4/13/2024, 10:36:41 UTC,GALA,GALA,gala,58,0.048371936,-0.1645,1831908223,342289568
4/13/2024, 09:06:42 UTC,PUPS (Ordinals),PUPS,pups-ordinals,133,86.53659853,0.2011,678293699,54431125
4/13/2024, 09:06:42 UTC,Tenset,10SET,tenset,279,1.356468795,-0.0786,227817745,1809922
4/13/2024, 09:06:41 UTC,Non-Playable Coin,NPC,non-playable-coin,864,0.004336611,-0.0288,34906348,500638
4/13/2024, 09:06:41 UTC,1ex,1EX,1ex,827,0.243527307,-0.0409,37386199,1872002
4/13/2024, 09:06:41 UTC,GALA,GALA,gala,59,0.047872258,-0.1832,1816899484,332015188
4/13/2024, 07:36:42 UTC,Wormhole,W,wormhole,90,0.615258037,-0.2385,1107705457,400001742
4/13/2024, 07:36:42 UTC,PUPS (Ordinals),PUPS,pups-ordinals,133,88.78953072,0.3285,676060976,57195557
4/13/2024, 07:36:41 UTC,1ex,1EX,1ex,817,0.242480265,-0.1142,38218609,1951445
4/13/2024, 07:36:41 UTC,Non-Playable Coin,NPC,non-playable-coin,868,0.004301222,-0.0314,34625382,442584
4/13/2024, 07:36:41 UTC,GALA,GALA,gala,58,0.048289771,-0.1782,1832598399,332446470
4/13/2024, 06:06:42 UTC,Wormhole,W,wormhole,95,0.598212969,-0.2567,1076135572,410696814
4/13/2024, 06:06:41 UTC,PUPS (Ordinals),PUPS,pups-ordinals,140,81.66040631,0.1114,634079263,51228896
4/13/2024, 06:06:41 UTC,Non-Playable Coin,NPC,non-playable-coin,865,0.004291355,-0.0365,34576127,435399
4/13/2024, 06:06:41 UTC,Niza Global,NIZA,niza-global,667,0.009796035,-0.1632,55264833,24212466
4/13/2024, 06:06:41 UTC,GALA,GALA,gala,59,0.047930385,-0.1951,1810727193,324690414
4/13/2024, 04:36:46 UTC,1ex,1EX,1ex,822,0.233762241,-0.1666,37948143,2120340
4/13/2024, 04:36:41 UTC,PUPS (Ordinals),PUPS,pups-ordinals,134,88.08751162,0.2701,681539526,51846899
4/13/2024, 04:36:41 UTC,Non-Playable Coin,NPC,non-playable-coin,864,0.004277145,-0.0383,34324098,416756
4/13/2024, 04:36:41 UTC,Niza Global,NIZA,niza-global,647,0.010255335,-0.124,58101909,23925101
4/13/2024, 04:36:41 UTC,GALA,GALA,gala,59,0.04709108,-0.2106,1779446480,318746482
4/13/2024, 03:06:42 UTC,Ondo,ONDO,ondo-finance,99,0.685379779,-0.1808,988712445,399120290
4/13/2024, 03:06:42 UTC,PUPS (Ordinals),PUPS,pups-ordinals,144,77.00156498,0.269,602134818,49227643
4/13/2024, 03:06:42 UTC,Non-Playable Coin,NPC,non-playable-coin,870,0.004163358,-0.0602,33515560,385564
4/13/2024, 03:06:42 UTC,Niza Global,NIZA,niza-global,622,0.011011019,-0.0771,62172842,23424175
4/13/2024, 03:06:41 UTC,GALA,GALA,gala,59,0.04649416,-0.2174,1761001230,309607248
4/13/2024, 01:36:42 UTC,Tenset,10SET,tenset,280,1.347684965,-0.122,227473782,1919686
4/13/2024, 01:36:42 UTC,1ex,1EX,1ex,821,0.237458021,-0.1534,37853934,2189201
4/13/2024, 01:36:41 UTC,Non-Playable Coin,NPC,non-playable-coin,876,0.004142047,-0.0683,33459883,382034
4/13/2024, 01:36:41 UTC,Niza Global,NIZA,niza-global,625,0.010942408,-0.0781,62521612,23871106
4/13/2024, 01:36:41 UTC,GALA,GALA,gala,58,0.04662419,-0.2111,1768634597,298682334
4/13/2024, 00:06:42 UTC,Non-Playable Coin,NPC,non-playable-coin,889,0.004146707,-0.0689,33319874,378334
4/13/2024, 00:06:42 UTC,Tenset,10SET,tenset,286,1.351826738,-0.0739,226025412,1847344
4/13/2024, 00:06:41 UTC,1ex,1EX,1ex,854,0.222708429,-0.2121,35484877,2128634
4/13/2024, 00:06:41 UTC,Niza Global,NIZA,niza-global,622,0.011299579,-0.0454,63828711,451505
4/13/2024, 00:06:41 UTC,GALA,GALA,gala,59,0.047688082,-0.1869,1804777000,289425113
4/12/2024, 22:36:42 UTC,Niza Global,NIZA,niza-global,624,0.01122346,-0.0713,63493465,406800
4/12/2024, 22:36:42 UTC,Non-Playable Coin,NPC,non-playable-coin,891,0.004114211,-0.0773,33149092,373543
4/12/2024, 22:36:41 UTC,PONKE,PONKE,ponke,679,0.108215329,0.2281,53943402,31610296
4/12/2024, 22:36:41 UTC,Tenset,10SET,tenset,271,1.387093276,-0.0687,237275418,1921780
4/12/2024, 22:36:41 UTC,GALA,GALA,gala,58,0.047389903,-0.1937,1795689032,284325861
4/12/2024, 21:06:42 UTC,Wormhole,W,wormhole,95,0.597498533,-0.2337,1073468587,376314110
4/12/2024, 21:06:42 UTC,Non-Playable Coin,NPC,non-playable-coin,878,0.004175714,-0.0943,33715198,327813
4/12/2024, 21:06:41 UTC,NodeAI,GPU,nodeai,338,1.816454727,-0.0786,170262954,3776404
4/12/2024, 21:06:41 UTC,Tenset,10SET,tenset,283,1.363387925,-0.0923,229464841,1531866
4/12/2024, 21:06:41 UTC,GALA,GALA,gala,58,0.047317619,-0.1971,1799276650,274953669
4/12/2024, 19:36:46 UTC,NodeAI,GPU,nodeai,371,1.490702073,-0.2499,144585409,3580442
4/12/2024, 19:36:41 UTC,1ex,1EX,1ex,841,0.224560976,-0.2353,36207829,2241525
4/12/2024, 19:36:41 UTC,Niza Global,NIZA,niza-global,616,0.011370302,-0.0497,64110920,22980045
4/12/2024, 19:36:41 UTC,Tenset,10SET,tenset,280,1.354407356,-0.067,226661130,1577599
4/12/2024, 19:36:41 UTC,GALA,GALA,gala,59,0.046612109,-0.2022,1762147883,238483987
4/12/2024, 18:06:42 UTC,Niza Global,NIZA,niza-global,614,0.011954114,0.0533,68027010,22477258
4/12/2024, 18:06:42 UTC,NodeAI,GPU,nodeai,375,1.554988809,-0.2015,151464118,3545677
4/12/2024, 18:06:41 UTC,1ex,1EX,1ex,876,0.22533963,-0.1976,35152488,2299502
4/12/2024, 18:06:41 UTC,Tenset,10SET,tenset,289,1.398311553,-0.048,234663962,1666911
4/12/2024, 18:06:41 UTC,GALA,GALA,gala,57,0.052153858,-0.1111,1990517360,147714516
4/12/2024, 16:36:42 UTC,PONKE,PONKE,ponke,698,0.105809354,0.5329,52970087,27240064
4/12/2024, 16:36:42 UTC,1ex,1EX,1ex,883,0.229814528,-0.1882,36832639,2397361
4/12/2024, 16:36:41 UTC,Tenset,10SET,tenset,286,1.48580245,0.0249,245192265,990621
4/12/2024, 16:36:41 UTC,NodeAI,GPU,nodeai,354,1.837694615,-0.0527,173771834,3276472
4/12/2024, 16:36:41 UTC,GALA,GALA,gala,57,0.055542035,-0.0432,2104902776,117168172
4/12/2024, 15:06:42 UTC,NodeAI,GPU,nodeai,369,1.69086877,-0.1284,164562276,3130520
4/12/2024, 15:06:42 UTC,Niza Global,NIZA,niza-global,630,0.011681696,0.017,67668514,21766135
4/12/2024, 15:06:42 UTC,1ex,1EX,1ex,897,0.228424357,-0.1715,35078141,2392141
4/12/2024, 15:06:41 UTC,Tenset,10SET,tenset,289,1.453306651,0.0416,243253323,1888435
4/12/2024, 15:06:41 UTC,GALA,GALA,gala,57,0.056453938,-0.0321,2138434932,114914020
4/12/2024, 13:36:42 UTC,CHEQD Network,CHEQ,cheqd-network,672,0.081529375,0.0325,59994295,261032
4/12/2024, 13:36:42 UTC,NodeAI,GPU,nodeai,380,1.63957755,-0.1548,159921392,2717556
4/12/2024, 13:36:41 UTC,Niza Global,NIZA,niza-global,619,0.012491581,0.0805,70269128,21222840
4/12/2024, 13:36:41 UTC,Tenset,10SET,tenset,294,1.458581501,0.1081,244030547,1926849
4/12/2024, 13:36:41 UTC,GALA,GALA,gala,57,0.056686629,-0.0409,2147249097,114670423
4/12/2024, 12:06:46 UTC,CHEQD Network,CHEQ,cheqd-network,681,0.081574968,-0.0095,59764526,239098
4/12/2024, 12:06:42 UTC,NodeAI,GPU,nodeai,384,1.635546148,-0.2315,159374233,2629403
4/12/2024, 12:06:42 UTC,Tenset,10SET,tenset,297,1.470269446,0.1353,245402076,1981923
4/12/2024, 12:06:41 UTC,Niza Global,NIZA,niza-global,630,0.012263893,0.1485,69502797,21524673
4/12/2024, 12:06:41 UTC,GALA,GALA,gala,57,0.058527003,-0.0042,2216277286,120053746
4/12/2024, 10:36:42 UTC,CHEQD Network,CHEQ,cheqd-network,685,0.07935033,-0.0358,58322282,218610
4/12/2024, 10:36:41 UTC,PONKE,PONKE,ponke,656,0.116652139,0.8039,62751096,21908109
4/12/2024, 10:36:41 UTC,Niza Global,NIZA,niza-global,638,0.011990255,0.1936,67740017,21342369
4/12/2024, 10:36:41 UTC,Tenset,10SET,tenset,299,1.464132288,0.0927,244369828,2062647
4/12/2024, 10:36:41 UTC,GALA,GALA,gala,57,0.058024081,-0.0339,2203933527,122020770
4/12/2024, 09:06:46 UTC,Non-Playable Coin,NPC,non-playable-coin,901,0.004452363,-0.1699,35844573,505344
4/12/2024, 09:06:41 UTC,CHEQD Network,CHEQ,cheqd-network,687,0.079057719,-0.0342,58065468,221220
4/12/2024, 09:06:41 UTC,1ex,1EX,1ex,831,0.253860734,-0.2334,41259365,1310762
4/12/2024, 09:06:41 UTC,PONKE,PONKE,ponke,670,0.124641621,0.8128,61095016,20404822
4/12/2024, 09:06:41 UTC,GALA,GALA,gala,57,0.058611844,-0.0398,2216212746,128123206
4/12/2024, 07:36:42 UTC,CHEQD Network,CHEQ,cheqd-network,687,0.078869791,-0.048,58041215,259970
4/12/2024, 07:36:41 UTC,Non-Playable Coin,NPC,non-playable-coin,906,0.004440603,-0.1737,35754091,623989
4/12/2024, 07:36:41 UTC,1ex,1EX,1ex,806,0.27502411,-0.1605,43588372,1370104
4/12/2024, 07:36:41 UTC,PONKE,PONKE,ponke,703,0.111167021,0.7121,55488427,17845462
4/12/2024, 07:36:41 UTC,GALA,GALA,gala,57,0.058743889,-0.0377,2226192800,130150034
4/12/2024, 06:06:42 UTC,NodeAI,GPU,nodeai,354,1.905839631,-0.1104,185314133,2161882
4/12/2024, 06:06:41 UTC,Non-Playable Coin,NPC,non-playable-coin,901,0.004450531,-0.1747,35827467,695682
4/12/2024, 06:06:41 UTC,Niza Global,NIZA,niza-global,647,0.011664002,0.0407,66297357,18513670
4/12/2024, 06:06:41 UTC,PONKE,PONKE,ponke,668,0.127693665,1.0982,61798700,15640665
4/12/2024, 06:06:41 UTC,GALA,GALA,gala,57,0.059545553,-0.0264,2249818254,136094938
4/12/2024, 04:36:42 UTC,CHEQD Network,CHEQ,cheqd-network,686,0.079336002,-0.0423,58352202,294122
4/12/2024, 04:36:42 UTC,PONKE,PONKE,ponke,706,0.110807992,0.909,54640945,10053465
4/12/2024, 04:36:41 UTC,NodeAI,GPU,nodeai,349,1.942658578,-0.0734,189861062,2110560
4/12/2024, 04:36:41 UTC,Niza Global,NIZA,niza-global,645,0.011708341,0.0127,66292210,17077570
4/12/2024, 04:36:41 UTC,GALA,GALA,gala,57,0.059641957,-0.0035,2259111553,138902717
4/12/2024, 03:06:42 UTC,CHEQD Network,CHEQ,cheqd-network,686,0.079412156,-0.0426,58402334,283992
4/12/2024, 03:06:42 UTC,PONKE,PONKE,ponke,768,0.098972352,0.6977,48257523,8417568
4/12/2024, 03:06:41 UTC,NodeAI,GPU,nodeai,343,1.977396449,-0.0745,192819397,2093157
4/12/2024, 03:06:41 UTC,Niza Global,NIZA,niza-global,640,0.011925794,0.01,67497074,467766
4/12/2024, 03:06:41 UTC,GALA,GALA,gala,57,0.059472653,-0.0092,2248919040,141754291
4/12/2024, 01:36:42 UTC,NodeAI,GPU,nodeai,359,1.880746375,-0.1018,181123746,2058420
4/12/2024, 01:36:42 UTC,Tenset,10SET,tenset,285,1.535604301,0.035,257143214,1433248
4/12/2024, 01:36:41 UTC,Niza Global,NIZA,niza-global,642,0.011903666,-0.0017,67403651,14135331
4/12/2024, 01:36:41 UTC,Vara Network,VARA,vara-network,760,0.117245446,0.0868,48742650,4436207
4/12/2024, 01:36:41 UTC,GALA,GALA,gala,57,0.059092721,-0.0062,2241972668,142554582
4/12/2024, 00:06:42 UTC,NodeAI,GPU,nodeai,361,1.834220917,-0.1806,178164641,1983649
4/12/2024, 00:06:42 UTC,Non-Playable Coin,NPC,non-playable-coin,904,0.004459943,-0.1506,35717257,760595
4/12/2024, 00:06:41 UTC,Tenset,10SET,tenset,301,1.444348166,-0.0214,241645486,2745760
4/12/2024, 00:06:41 UTC,PONKE,PONKE,ponke,805,0.087585666,0.477,43806109,6874889
4/12/2024, 00:06:41 UTC,GALA,GALA,gala,57,0.058742015,-0.0201,2217869116,143698205
4/11/2024, 22:36:42 UTC,Non-Playable Coin,NPC,non-playable-coin,902,0.004458997,-0.147,35873958,774945
4/11/2024, 22:36:42 UTC,CHEQD Network,CHEQ,cheqd-network,686,0.080149175,-0.034,58964647,246962
4/11/2024, 22:36:41 UTC,Niza Global,NIZA,niza-global,641,0.012200968,-0.0152,68376661,11940036
4/11/2024, 22:36:41 UTC,Tenset,10SET,tenset,296,1.489464726,0.0119,249064775,2935392
4/11/2024, 22:36:41 UTC,GALA,GALA,gala,57,0.058771481,-0.0327,2220797959,143428412
4/11/2024, 21:06:42 UTC,Niza Global,NIZA,niza-global,643,0.011921044,0.009,67652756,11609793
4/11/2024, 21:06:41 UTC,Non-Playable Coin,NPC,non-playable-coin,884,0.004610252,-0.1011,37129519,753639
4/11/2024, 21:06:41 UTC,NodeAI,GPU,nodeai,342,1.987384593,-0.0465,193282881,1828749
4/11/2024, 21:06:41 UTC,Tenset,10SET,tenset,296,1.467728555,0.0008,246260978,2953065
4/11/2024, 21:06:41 UTC,GALA,GALA,gala,57,0.058855271,-0.0198,2230657134,146941093
4/11/2024, 19:36:42 UTC,Non-Playable Coin,NPC,non-playable-coin,873,0.004758193,-0.0594,38304055,716332
4/11/2024, 19:36:42 UTC,CHEQD Network,CHEQ,cheqd-network,684,0.079997819,-0.0401,58827012,320353
4/11/2024, 19:36:41 UTC,Tenset,10SET,tenset,299,1.452747507,-0.0104,242882660,2929808
4/11/2024, 19:36:41 UTC,Niza Global,NIZA,niza-global,644,0.011849952,0.0159,67010663,11753049
4/11/2024, 19:36:41 UTC,GALA,GALA,gala,57,0.058356218,-0.0168,2206767128,155505687
4/11/2024, 18:06:42 UTC,Non-Playable Coin,NPC,non-playable-coin,892,0.004524203,-0.1184,36381110,648038
4/11/2024, 18:06:42 UTC,CHEQD Network,CHEQ,cheqd-network,686,0.079142666,-0.0416,58334529,311403
4/11/2024, 18:06:41 UTC,Niza Global,NIZA,niza-global,654,0.011268675,-0.0391,64171917,12237818
4/11/2024, 18:06:41 UTC,Tenset,10SET,tenset,297,1.464830232,-0.0133,246218049,2885921
4/11/2024, 18:06:41 UTC,GALA,GALA,gala,57,0.058734593,-0.0207,2222594077,159773081
4/11/2024, 16:36:42 UTC,CHEQD Network,CHEQ,cheqd-network,688,0.079191155,-0.034,58259172,311904
4/11/2024, 16:36:42 UTC,Niza Global,NIZA,niza-global,652,0.011762931,0.053,66307878,11773013
4/11/2024, 16:36:41 UTC,Bittensor,TAO,bittensor,30,622.4649322,0.0959,4109872428,373803737
4/11/2024, 16:36:41 UTC,Non-Playable Coin,NPC,non-playable-coin,872,0.004724285,-0.1233,38129320,660596
4/11/2024, 16:36:41 UTC,GALA,GALA,gala,57,0.058073129,-0.0049,2198897709,165915033
4/11/2024, 15:06:42 UTC,Niza Global,NIZA,niza-global,654,0.011519148,0.0559,64796249,11771107
4/11/2024, 15:06:42 UTC,Bittensor,TAO,bittensor,28,705.7755619,0.2221,4675993568,363219015
4/11/2024, 15:06:41 UTC,CHEQD Network,CHEQ,cheqd-network,689,0.078857598,-0.0419,57985932,301600
4/11/2024, 15:06:41 UTC,Uniswap,UNI,uniswap,23,9.099972201,-0.1791,6859255716,839694553
4/11/2024, 15:06:41 UTC,GALA,GALA,gala,57,0.058323722,-0.0009,2208044281,168820603
4/11/2024, 13:36:42 UTC,Niza Global,NIZA,niza-global,658,0.011426015,0.1497,64254230,11296441
4/11/2024, 13:36:42 UTC,Non-Playable Coin,NPC,non-playable-coin,834,0.00516711,-0.0702,41656069,376513
4/11/2024, 13:36:41 UTC,Bittensor,TAO,bittensor,28,727.8791557,0.228,4656646719,329400707
4/11/2024, 13:36:41 UTC,CHEQD Network,CHEQ,cheqd-network,694,0.079043171,-0.0355,58153019,299903
4/11/2024, 13:36:41 UTC,GALA,GALA,gala,57,0.058989699,0.0364,2238304523,169484643
4/11/2024, 12:06:42 UTC,USDC,USDC,usd-coin,8,0.99737436,-0.0022,32173195860,6522302004
4/11/2024, 12:06:42 UTC,Niza Global,NIZA,niza-global,681,0.010614875,0.0586,60182564,10573463
4/11/2024, 12:06:42 UTC,Bittensor,TAO,bittensor,30,736.8649217,0.1898,4357954039,165608711
4/11/2024, 12:06:41 UTC,Non-Playable Coin,NPC,non-playable-coin,820,0.005320703,-0.083,42931600,1130425
4/11/2024, 12:06:41 UTC,GALA,GALA,gala,57,0.058769362,0.0014,2239703933,183093190
4/11/2024, 10:36:42 UTC,Non-Playable Coin,NPC,non-playable-coin,819,0.005364235,-0.0552,43188985,1217158
4/11/2024, 10:36:42 UTC,Niza Global,NIZA,niza-global,701,0.010019834,0.0025,56719392,10014458
4/11/2024, 10:36:42 UTC,Bittensor,TAO,bittensor,30,663.4405467,0.0694,4361245770,116963089
4/11/2024, 10:36:42 UTC,1ex,1EX,1ex,742,0.325040746,0.1263,51290396,1458552
4/11/2024, 10:36:41 UTC,GALA,GALA,gala,57,0.060058649,0.0271,2270192844,183390839
4/11/2024, 09:06:42 UTC,Non-Playable Coin,NPC,non-playable-coin,820,0.005365445,0.0153,43241255,1286582
4/11/2024, 09:06:42 UTC,Niza Global,NIZA,niza-global,702,0.0100258,-0.0052,56875138,9671255
4/11/2024, 09:06:41 UTC,Bittensor,TAO,bittensor,32,635.4543897,-0.0079,4130947669,100122805
4/11/2024, 09:06:41 UTC,1ex,1EX,1ex,748,0.326295691,0.057,51122005,1448291
4/11/2024, 09:06:41 UTC,GALA,GALA,gala,57,0.06118758,0.0365,2313995069,189608222
4/11/2024, 07:36:42 UTC,Non-Playable Coin,NPC,non-playable-coin,820,0.005360625,0.0238,43153706,1293254
4/11/2024, 07:36:42 UTC,Inspect,INSP,inspect,903,0.185595759,0.0039,36477631,2900579
4/11/2024, 07:36:42 UTC,1ex,1EX,1ex,728,0.330637786,0.1095,53004463,1447938
4/11/2024, 07:36:41 UTC,Bittensor,TAO,bittensor,30,649.5151201,0.0174,4289058611,79754452
4/11/2024, 07:36:41 UTC,GALA,GALA,gala,57,0.060963735,0.0187,2307293073,186488928
4/11/2024, 06:06:42 UTC,Toncoin,TON,the-open-network,10,7.627911774,0.1437,26323830753,672275395
4/11/2024, 06:06:42 UTC,Non-Playable Coin,NPC,non-playable-coin,822,0.005388947,0.0517,43349403,1286941
4/11/2024, 06:06:41 UTC,Niza Global,NIZA,niza-global,664,0.011215632,0.1318,63358078,10205259
4/11/2024, 06:06:41 UTC,1ex,1EX,1ex,742,0.327307627,0.1249,51781373,1442289
4/11/2024, 06:06:41 UTC,GALA,GALA,gala,56,0.061129637,0.024,2304139623,187085851
4/11/2024, 04:36:42 UTC,Uniswap,UNI,uniswap,23,9.395789792,-0.1586,7082100524,722308198
4/11/2024, 04:36:42 UTC,Inspect,INSP,inspect,889,0.191309883,0.0289,37523813,3206371
4/11/2024, 04:36:42 UTC,Niza Global,NIZA,niza-global,654,0.011435234,0.1335,66682215,10649322
4/11/2024, 04:36:41 UTC,Non-Playable Coin,NPC,non-playable-coin,821,0.005372352,0.055,43198870,1308407
4/11/2024, 04:36:41 UTC,GALA,GALA,gala,57,0.059969158,0.0115,2268598766,184430629
4/11/2024, 03:06:42 UTC,1ex,1EX,1ex,747,0.321828386,0.1232,51054338,1394883
4/11/2024, 03:06:42 UTC,Inspect,INSP,inspect,890,0.188831987,0.0152,37079694,3823476
4/11/2024, 03:06:42 UTC,Non-Playable Coin,NPC,non-playable-coin,821,0.005394621,0.0927,43463833,1296743
4/11/2024, 03:06:41 UTC,Niza Global,NIZA,niza-global,654,0.011717264,0.1679,66798671,11147023
4/11/2024, 03:06:41 UTC,GALA,GALA,gala,57,0.060011155,0.0206,2273497416,194309904
4/11/2024, 01:36:42 UTC,Inspect,INSP,inspect,889,0.188036644,0.0044,36940852,4230239
4/11/2024, 01:36:42 UTC,Non-Playable Coin,NPC,non-playable-coin,820,0.005322874,0.0852,42849808,1263250
4/11/2024, 01:36:42 UTC,1ex,1EX,1ex,755,0.3192321,0.1622,50075239,1358928
4/11/2024, 01:36:41 UTC,Niza Global,NIZA,niza-global,648,0.011815295,0.1834,66866111,11735359
4/11/2024, 01:36:41 UTC,GALA,GALA,gala,57,0.059812445,-0.0159,2261260072,222124700
4/11/2024, 00:06:46 UTC,Inspect,INSP,inspect,904,0.182950939,-0.0457,35775690,4545263
4/11/2024, 00:06:41 UTC,Non-Playable Coin,NPC,non-playable-coin,830,0.005254232,0.0677,42057569,1241623
4/11/2024, 00:06:41 UTC,Niza Global,NIZA,niza-global,649,0.012002928,0.1523,67849509,352383
4/11/2024, 00:06:41 UTC,1ex,1EX,1ex,744,0.326303599,0.1486,51324924,1370280
4/11/2024, 00:06:41 UTC,GALA,GALA,gala,57,0.060058571,-0.0115,2271207536,219041142
4/10/2024, 22:36:42 UTC,Niza Global,NIZA,niza-global,652,0.011982387,0.192,67010186,12184813
4/10/2024, 22:36:41 UTC,1ex,1EX,1ex,742,0.330273759,0.1585,51813141,1370715
4/10/2024, 22:36:41 UTC,Non-Playable Coin,NPC,non-playable-coin,832,0.005233871,0.0635,41995884,1233468
4/10/2024, 22:36:41 UTC,Inspect,INSP,inspect,899,0.184375926,-0.0441,36179438,4930475
4/10/2024, 22:36:41 UTC,GALA,GALA,gala,57,0.061019251,-0.0064,2293006756,225649406
4/10/2024, 21:06:42 UTC,Niza Global,NIZA,niza-global,652,0.01181528,0.0607,66003441,12156141
4/10/2024, 21:06:42 UTC,Non-Playable Coin,NPC,non-playable-coin,835,0.005122367,0.0432,41273518,1221816
4/10/2024, 21:06:42 UTC,Inspect,INSP,inspect,903,0.18254479,-0.0606,35622993,5219544
4/10/2024, 21:06:41 UTC,1ex,1EX,1ex,764,0.311967082,0.0933,48871729,1284409
4/10/2024, 21:06:41 UTC,GALA,GALA,gala,57,0.060046165,-0.0284,2277282938,143529637
4/10/2024, 19:36:43 UTC,Uniswap,UNI,uniswap,20,10.13458181,-0.0968,7635583598,308865677
